<?xml version="1.0" encoding="UTF-8"?>
<PeakList modified="2024-01-22T11:59:58">
  <PeakList1D>
    <PeakList1DHeader creator="rubindasgupta@Rubins-MacBook-Pro.local" date="2024-01-22T12:00:00" expNo="5" name="DNP_paper" owner="rubindasgupta" procNo="1" source="/Users/rubindasgupta/Desktop/NMR_data">
      <PeakPickDetails>Manually picked peaks
</PeakPickDetails>
    </PeakList1DHeader>
    <Peak1D F1="161.55805748177428" intensity="4.134765182477215" type="1"/>
    <Peak1D F1="156.73965927617752" intensity="6.4220588634506806" type="1"/>
    <Peak1D F1="151.92126107058073" intensity="2.729177461801852" type="1"/>
    <Peak1D F1="136.33232569953233" intensity="5.352135931091682" type="1"/>
    <Peak1D F1="118.75934400853234" intensity="2.5241105206938728" type="1"/>
    <Peak1D F1="92.68330666059683" intensity="8.448964235711925" type="1"/>
    <Peak1D F1="81.91276949514521" intensity="9.917618586776937" type="1"/>
    <Peak1D F1="75.11032496959682" intensity="13.325288227761256" type="1"/>
    <Peak1D F1="71.99253789538714" intensity="11.201279854059926" type="1"/>
    <Peak1D F1="64.3397878041452" intensity="8.826294048158092" type="1"/>
  </PeakList1D>
</PeakList>
