<?xml version="1.0" encoding="UTF-8"?>
<PeakList modified="2024-01-18T21:52:14">
  <PeakList1D>
    <PeakList1DHeader creator="rubindasgupta" date="2024-01-18T21:52:14" expNo="21" name="DNP_paper" owner="" procNo="1" source="/Users/rubindasgupta/Desktop/NMR_data">
      <PeakPickDetails>F1=83.749245ppm, F2=53.320824ppm, MI=-3.13cm, MAXI=14.89cm, PC=0.200
      </PeakPickDetails>
    </PeakList1DHeader>
    <Peak1D F1="73.922905" intensity="2.907935" type="0"/>
    <Peak1D F1="65.331291" intensity="3.236876" type="0"/>
  </PeakList1D>
</PeakList>
