<?xml version="1.0" encoding="UTF-8"?>
<PeakList modified="2023-10-23T17:17:40">
  <PeakList2D>
    <PeakList2DHeader creator="rubindasgupta@emp-49-12.eduroam.uu.se" date="2023-10-23T17:17:46" expNo="48" name="DNP_paper" owner="rubindasgupta" procNo="2" source="/Users/rubindasgupta/Desktop/NMR_data">
      <PeakPickDetails># Manually picked peaks
</PeakPickDetails>
    </PeakList2DHeader>
    <Peak2D F1="113.24969793436998" F2="139.8390800127474" intensity="2.9188352E7" type="0"/>
    <Peak2D F1="117.92638200431773" F2="141.3005436171031" intensity="2.5619968E7" type="0"/>
    <Peak2D F1="119.97243128491986" F2="140.05829955340073" intensity="3.8752512E7" type="0"/>
    <Peak2D F1="119.09555302180466" F2="137.70168949137712" intensity="6.814336E7" type="0"/>
    <Peak2D F1="119.3878457761764" F2="136.86134791887258" intensity="7.0706176E7" type="0"/>
    <Peak2D F1="121.72618781115027" F2="134.1576402508145" intensity="2.9083392E7" type="0"/>
  </PeakList2D>
</PeakList>
